name,id,class_2,class_1
Java,100101,后端开发,技术
C++,100102,后端开发,技术
PHP,100103,后端开发,技术
数据挖掘,100104,后端开发,技术
C,100105,后端开发,技术
C#,100106,后端开发,技术
.NET,100107,后端开发,技术
Hadoop,100108,后端开发,技术
Python,100109,后端开发,技术
Delphi,100110,后端开发,技术
VB,100111,后端开发,技术
Perl,100112,后端开发,技术
Ruby,100113,后端开发,技术
Node.js,100114,后端开发,技术
搜索算法,100115,后端开发,技术
Golang,100116,后端开发,技术
自然语言处理,100117,后端开发,技术
推荐算法,100118,后端开发,技术
Erlang,100119,后端开发,技术
算法工程师,100120,后端开发,技术
语音/视频/图形开发,100121,后端开发,技术
数据采集,100122,后端开发,技术
HTML5,100201,移动开发,技术
Android,100202,移动开发,技术
iOS,100203,移动开发,技术
WP,100204,移动开发,技术
web前端,100205,移动开发,技术
Flash,100206,移动开发,技术
JavaScript,100208,移动开发,技术
U3D,100209,移动开发,技术
COCOS2DX,100210,移动开发,技术
测试工程师,100301,测试,技术
自动化测试,100302,测试,技术
功能测试,100303,测试,技术
性能测试,100304,测试,技术
测试开发,100305,测试,技术
移动端测试,100306,测试,技术
游戏测试,100307,测试,技术
硬件测试,100308,测试,技术
软件测试,100309,测试,技术
运维工程师,100401,运维/技术支持,技术
运维开发工程师,100402,运维/技术支持,技术
网络工程师,100403,运维/技术支持,技术
系统工程师,100404,运维/技术支持,技术
IT技术支持,100405,运维/技术支持,技术
系统管理员,100406,运维/技术支持,技术
网络安全,100407,运维/技术支持,技术
系统安全,100408,运维/技术支持,技术
DBA,100409,运维/技术支持,技术
ETF工程师,100506,数据,技术
数据仓库,100507,数据,技术
数据开发,100508,数据,技术
数据挖掘,100509,数据,技术
数据分析师,100511,数据,技术
数据架构师,100512,数据,技术
算法研究员,100513,数据,技术
项目经理,100601,项目管理,技术
项目主管,100602,项目管理,技术
项目助理,100603,项目管理,技术
项目专员,100604,项目管理,技术
实施顾问,100605,项目管理,技术
实施工程师,100606,项目管理,技术
需求分析工程师,100607,项目管理,技术
硬件,100801,硬件开发,技术
嵌入式,100802,硬件开发,技术
自动化,100803,硬件开发,技术
单片机,100804,硬件开发,技术
电路设计,100805,硬件开发,技术
驱动开发,100806,硬件开发,技术
系统集成,100807,硬件开发,技术
FPGA开发,100808,硬件开发,技术
DSP开发,100809,硬件开发,技术
ARM开发,100810,硬件开发,技术
PCB工艺,100811,硬件开发,技术
模具设计,100812,硬件开发,技术
热传导,100813,硬件开发,技术
材料工程师,100814,硬件开发,技术
精益工程师,100815,硬件开发,技术
射频工程师,100816,硬件开发,技术
web前端,100901,前端开发,技术
Javascript,100902,前端开发,技术
Flash,100903,前端开发,技术
HTML5,100904,前端开发,技术
通信技术工程师,101001,通信,技术
通信研发工程师,101002,通信,技术
数据通信工程师,101003,通信,技术
移动通信工程师,101004,通信,技术
电信网络工程师,101005,通信,技术
电信交换工程师,101006,通信,技术
有线传输工程师,101007,通信,技术
无线射频工程师,101008,通信,技术
通信电源工程师,101009,通信,技术
通信标准化工程师,101010,通信,技术
通信项目专员,101011,通信,技术
通信项目经理,101012,通信,技术
核心网工程师,101013,通信,技术
通信测试工程师,101014,通信,技术
通信设备工程师,101015,通信,技术
光通信工程师,101016,通信,技术
光传输工程师,101017,通信,技术
光网络工程师,101018,通信,技术
电子工程师,101401,电子/半导体,技术
电气工程师,101402,电子/半导体,技术
FAE,101403,电子/半导体,技术
电器设计工程师,101404,电子/半导体,技术
技术经理,100701,高端技术职位,技术
技术总监,100702,高端技术职位,技术
测试经理,100703,高端技术职位,技术
架构师,100704,高端技术职位,技术
CTO,100705,高端技术职位,技术
运维总监,100706,高端技术职位,技术
技术合伙人,100707,高端技术职位,技术
机器学习,101301,人工智能,技术
深度学习,101302,人工智能,技术
图像算法,101303,人工智能,技术
图像处理,101304,人工智能,技术
语音识别,101305,人工智能,技术
图像识别,101306,人工智能,技术
算法研究员,101307,人工智能,技术
售前工程师,101201,软件销售支持,技术
售后工程师,101202,软件销售支持,技术
其他技术职位,101101,其他技术职位,技术
产品经理,110101,产品经理,产品
网页产品经理,110102,产品经理,产品
移动产品经理,110103,产品经理,产品
产品助理,110104,产品经理,产品
数据产品经理,110105,产品经理,产品
电商产品经理,110106,产品经理,产品
游戏策划,110107,产品经理,产品
产品专员,110108,产品经理,产品
产品总监,110302,高端产品职位,产品
游戏制作人,110303,高端产品职位,产品
产品VP,110304,高端产品职位,产品
其他产品职位,110401,其他产品职位,产品
视觉设计师,120101,视觉设计,设计
网页设计师,120102,视觉设计,设计
Flash设计师,120103,视觉设计,设计
APP设计师,120104,视觉设计,设计
UI设计师,120105,视觉设计,设计
平面设计师,120106,视觉设计,设计
美术设计师(2D/3D),120107,视觉设计,设计
广告设计师,120108,视觉设计,设计
多媒体设计师,120109,视觉设计,设计
原画师,120110,视觉设计,设计
游戏特效,120111,视觉设计,设计
游戏界面设计师,120112,视觉设计,设计
游戏场景,120113,视觉设计,设计
游戏角色,120114,视觉设计,设计
游戏动作,120115,视觉设计,设计
三维/CAD/制图,120116,视觉设计,设计
美工,120117,视觉设计,设计
包装设计,120118,视觉设计,设计
设计师助理,120119,视觉设计,设计
动画设计师,120120,视觉设计,设计
插画师,120121,视觉设计,设计
交互设计师,120201,交互设计,设计
无限交互设计师,120202,交互设计,设计
网页交互设计师,120203,交互设计,设计
硬件交互设计师,120204,交互设计,设计
数据分析师,120301,用户研究,设计
用户研究员,120302,用户研究,设计
游戏数值策划,120303,用户研究,设计
UX设计师,120304,用户研究,设计
用户研究经理,120407,用户研究,设计
用户研究总监,120408,用户研究,设计
设计经理/主管,120401,高端设计职位,设计
设计总监,120402,高端设计职位,设计
视觉设计经理,120403,高端设计职位,设计
视觉设计总监,120404,高端设计职位,设计
交互设计经理/主管,120405,高端设计职位,设计
交互设计总监,120406,高端设计职位,设计
服装设计,120601,非视觉设计,设计
工业设计,120602,非视觉设计,设计
橱柜设计,120603,非视觉设计,设计
家具设计,120604,非视觉设计,设计
家居设计,120605,非视觉设计,设计
珠宝设计,120606,非视觉设计,设计
室内设计,120607,非视觉设计,设计
陈列设计,120608,非视觉设计,设计
景观设计,120610,非视觉设计,设计
其他设计职位,120501,其他设计职位,设计
用户运营,130101,运营,运营
产品运营,130102,运营,运营
数据运营,130103,运营,运营
内容运营,130104,运营,运营
活动运营,130105,运营,运营
商家运营,130106,运营,运营
品类运营,130107,运营,运营
游戏运营,130108,运营,运营
网络推广,130109,运营,运营
网站运营,130110,运营,运营
新媒体运营,130111,运营,运营
社区运营,130112,运营,运营
微信运营,130113,运营,运营
微博运营,130114,运营,运营
策略运营,130115,运营,运营
线下拓展运营,130116,运营,运营
电商运营,130117,运营,运营
运营助理/专员,130118,运营,运营
内容审核,130120,运营,运营
销售运营,130119,运营,运营
副主编,130201,编辑,运营
内容编辑,130202,编辑,运营
文案编辑,130203,编辑,运营
网站编辑,130204,编辑,运营
记者,130205,编辑,运营
采编,130206,编辑,运营
售前咨询,130301,客服,运营
售后咨询,130302,客服,运营
网络客服,130303,客服,运营
客服经理,130304,客服,运营
客服专员/助理,130305,客服,运营
客服主管,130306,客服,运营
客服总监,130307,客服,运营
电话客服,130308,客服,运营
咨询热线/呼叫中心,130309,客服,运营
主编,130401,高端运营职位,运营
运营总监,130402,高端运营职位,运营
COO,130403,高端运营职位,运营
客服总监,130404,高端运营职位,运营
运营经理/主管,130405,高端运营职位,运营
其他运营职位,130501,其他运营职位,运营
选址开发,140114,市场/营销,市场
市场营销,140101,市场/营销,市场
市场策划,140102,市场/营销,市场
市场顾问,140103,市场/营销,市场
市场推广,140104,市场/营销,市场
SEO,140105,市场/营销,市场
SEM,140106,市场/营销,市场
商务渠道,140107,市场/营销,市场
商业数据分析,140108,市场/营销,市场
活动策划,140109,市场/营销,市场
网络营销,140110,市场/营销,市场
海外市场,140111,市场/营销,市场
政府关系,140112,市场/营销,市场
APP推广,140113,市场/营销,市场
媒介经理,140201,会务会展,市场
广告协调,140202,会务会展,市场
品牌公关,140203,会务会展,市场
媒介专员,140204,会务会展,市场
活动策划执行,140205,会务会展,市场
媒介策划,140206,会务会展,市场
会议活动销售,140501,会务会展,市场
会议活动策划,140502,会务会展,市场
会议活动执行,140503,会务会展,市场
会展活动销售,140504,会务会展,市场
会展活动策划,140505,会务会展,市场
会展活动执行,140506,会务会展,市场
广告创意,140601,广告,市场
美术指导,140602,广告,市场
广告设计师,140603,广告,市场
策划经理,140604,广告,市场
文案,140605,广告,市场
广告制作,140607,广告,市场
媒介投放,140608,广告,市场
媒介合作,140609,广告,市场
媒介顾问,140610,广告,市场
广告审核,140611,广告,市场
市场总监,140401,高端市场职位,市场
CMO,140404,高端市场职位,市场
公关总监,140405,高端市场职位,市场
媒介总监,140406,高端市场职位,市场
创意总监,140407,高端市场职位,市场
其他市场职位,140701,其他市场职位,市场
人力资源主管,150101,人力资源,职能/高级管理
招聘,150102,人力资源,职能/高级管理
HRBP,150103,人力资源,职能/高级管理
人力资源专员/助理,150104,人力资源,职能/高级管理
培训,150105,人力资源,职能/高级管理
薪资福利,150106,人力资源,职能/高级管理
绩效考核,150107,人力资源,职能/高级管理
人力资源经理,150403,人力资源,职能/高级管理
人力资源VP/CHO,150406,人力资源,职能/高级管理
人力资源总监,150108,人力资源,职能/高级管理
员工关系,150109,人力资源,职能/高级管理
组织发展,150110,人力资源,职能/高级管理
行政专员/助理,150201,行政,职能/高级管理
前台,150202,行政,职能/高级管理
行政主管,150204,行政,职能/高级管理
经理助理,150205,行政,职能/高级管理
后勤,150207,行政,职能/高级管理
商务司机,150208,行政,职能/高级管理
行政经理,150401,行政,职能/高级管理
行政总监,150209,行政,职能/高级管理
会计,150301,财务,职能/高级管理
出纳,150302,财务,职能/高级管理
财务顾问,150303,财务,职能/高级管理
结算,150304,财务,职能/高级管理
税务,150305,财务,职能/高级管理
审计,150306,财务,职能/高级管理
风控,150307,财务,职能/高级管理
财务经理,150402,财务,职能/高级管理
CFO,150404,财务,职能/高级管理
财务总监,150308,财务,职能/高级管理
财务主管,150309,财务,职能/高级管理
法务专员/助理,150203,法务,职能/高级管理
律师,150502,法务,职能/高级管理
专利,150503,法务,职能/高级管理
法律顾问,150504,法务,职能/高级管理
法务主管,150505,法务,职能/高级管理
法务经理,150506,法务,职能/高级管理
法务总监,150507,法务,职能/高级管理
CEO/总裁/总经理,150407,高级管理职位,职能/高级管理
副总裁/副总经理,150408,高级管理职位,职能/高级管理
事业部负责人,150409,高级管理职位,职能/高级管理
区域/分公司/代表处负责人,150410,高级管理职位,职能/高级管理
总裁/总经理/董事长助理,150411,高级管理职位,职能/高级管理
合伙人,150412,高级管理职位,职能/高级管理
创始人,150413,高级管理职位,职能/高级管理
董事会秘书,150414,高级管理职位,职能/高级管理
其他职能职位,150601,其他职能职位,职能/高级管理
销售专员,140301,销售,销售
销售经理,140302,销售,销售
客户代表,140303,销售,销售
大客户代表,140304,销售,销售
BD经理,140305,销售,销售
商务渠道,140306,销售,销售
渠道销售,140307,销售,销售
代理商销售,140308,销售,销售
销售助理,140309,销售,销售
电话销售,140310,销售,销售
销售顾问,140311,销售,销售
商品经理,140312,销售,销售
广告销售,140313,销售,销售
网络营销,140314,销售,销售
营销主管,140315,销售,销售
销售工程师,140316,销售,销售
客户经理,140317,销售,销售
销售总监,140402,销售管理,销售
商务总监,140403,销售管理,销售
区域总监,160101,销售管理,销售
城市经理,160102,销售管理,销售
销售VP,160103,销售管理,销售
团队经理,160104,销售管理,销售
其他销售职位,160201,其他销售职位,销售
记者,170101,采编/写作/出版,传媒
编辑,170102,采编/写作/出版,传媒
采编,170103,采编/写作/出版,传媒
撰稿人,170104,采编/写作/出版,传媒
出版发行,170105,采编/写作/出版,传媒
校对录入,170106,采编/写作/出版,传媒
总编,170107,采编/写作/出版,传媒
自媒体,170108,采编/写作/出版,传媒
媒介经理,170301,公关媒介,传媒
媒介专员,170302,公关媒介,传媒
广告协调,170303,公关媒介,传媒
品牌公关,170304,公关媒介,传媒
活动策划执行,170305,公关媒介,传媒
媒介策划,170306,公关媒介,传媒
会议活动销售,170401,会务会展,传媒
会议活动策划,170402,会务会展,传媒
会议活动执行,170403,会务会展,传媒
会展活动销售,170404,会务会展,传媒
会展活动策划,170405,会务会展,传媒
会展活动执行,170406,会务会展,传媒
广告创意,170201,广告,传媒
美术指导,170202,广告,传媒
广告设计师,170203,广告,传媒
策划经理,170204,广告,传媒
文案,170205,广告,传媒
广告制作,170207,广告,传媒
媒介投放,170208,广告,传媒
媒介合作,170209,广告,传媒
媒介顾问,170210,广告,传媒
广告审核,170211,广告,传媒
助理,170617,影视媒体,传媒
统筹制片人,170618,影视媒体,传媒
执行制片人,170619,影视媒体,传媒
导演/编导,170601,影视媒体,传媒
摄影/影像师,170602,影视媒体,传媒
视频编辑,170603,影视媒体,传媒
音频编辑,170604,影视媒体,传媒
经纪人,170605,影视媒体,传媒
后期制作,170606,影视媒体,传媒
影视制作,170607,影视媒体,传媒
影视发行,170608,影视媒体,传媒
影视策划,170609,影视媒体,传媒
主持人/主播/DJ,170610,影视媒体,传媒
演员/配音/模特,170611,影视媒体,传媒
化妆/造型/服装,170612,影视媒体,传媒
放映管理,170613,影视媒体,传媒
录音/音效,170614,影视媒体,传媒
制片人,170615,影视媒体,传媒
编剧,170616,影视媒体,传媒
其他传媒职位,170501,其他传媒职位,传媒
投资经理,180101,投融资,金融
行业研究,180103,投融资,金融
资产管理,180104,投融资,金融
投资总监,180112,投融资,金融
投资VP,180113,投融资,金融
投资合伙人,180114,投融资,金融
融资,180115,投融资,金融
并购,180116,投融资,金融
投后管理,180117,投融资,金融
投资助理,180118,投融资,金融
其他投融资职位,180111,投融资,金融
投资顾问,180119,投融资,金融
风控,180201,风控,金融
律师,180202,风控,金融
资信评估,180203,风控,金融
合规稽查,180204,风控,金融
审计,180301,税务审计,金融
法务,180302,税务审计,金融
会计,180303,税务审计,金融
清算,180304,税务审计,金融
信用卡销售,180401,银行,金融
分析师,180102,银行,金融
柜员,180402,银行,金融
商务渠道,180403,银行,金融
大堂经理,180404,银行,金融
理财顾问,180105,银行,金融
客户经理,180405,银行,金融
信贷管理,180406,银行,金融
风控,180107,银行,金融
金融产品经理,180501,互联网金融,金融
风控,180502,互联网金融,金融
催收员,180503,互联网金融,金融
分析师,180504,互联网金融,金融
投资经理,180505,互联网金融,金融
交易员,180106,互联网金融,金融
理财顾问,180506,互联网金融,金融
合规稽查,180108,互联网金融,金融
审计,180109,互联网金融,金融
清算,180110,互联网金融,金融
保险业务,180701,保险,金融
精算师,180702,保险,金融
保险理赔,180703,保险,金融
其他金融职位,180601,其他金融职位,金融
证券经纪人,180801,证券,金融
证券分析,180802,证券,金融
汽车设计,230101,汽车设计与研发,汽车
车身设计,230102,汽车设计与研发,汽车
底盘设计,230103,汽车设计与研发,汽车
机械设计,230104,汽车设计与研发,汽车
动力系统设计,230105,汽车设计与研发,汽车
电子工程设计,230106,汽车设计与研发,汽车
零部件设计,230107,汽车设计与研发,汽车
汽车工程项目管理,230108,汽车设计与研发,汽车
内外饰设计工程师,230110,汽车设计与研发,汽车
总装工程师,230210,汽车生产与制造,汽车
焊接工程师,230211,汽车生产与制造,汽车
冲压工程师,230212,汽车生产与制造,汽车
质量工程师,230109,汽车生产与制造,汽车
汽车销售,230201,汽车销售与服务,汽车
汽车配件销售,230202,汽车销售与服务,汽车
汽车售后服务,230203,汽车销售与服务,汽车
汽车维修,230204,汽车销售与服务,汽车
汽车美容,230205,汽车销售与服务,汽车
汽车定损理赔,230206,汽车销售与服务,汽车
二手车评估师,230207,汽车销售与服务,汽车
4S店管理,230208,汽车销售与服务,汽车
汽车改装工程师,230209,汽车销售与服务,汽车
其他汽车职位,230301,其他汽车职位,汽车
课程设计,190101,教育产品研发,教育培训
课程编辑,190102,教育产品研发,教育培训
教师,190103,教育产品研发,教育培训
培训研究,190104,教育产品研发,教育培训
培训师,190105,教育产品研发,教育培训
培训策划,190107,教育产品研发,教育培训
其他教育产品研发职位,190106,教育产品研发,教育培训
校长,190201,教育行政,教育培训
教务管理,190202,教育行政,教育培训
教学管理,190203,教育行政,教育培训
班主任/辅导员,190204,教育行政,教育培训
教师,190301,教师,教育培训
助教,190302,教师,教育培训
高中教师,190303,教师,教育培训
初中教师,190304,教师,教育培训
小学教师,190305,教师,教育培训
幼教,190306,教师,教育培训
理科教师,190307,教师,教育培训
文科教师,190308,教师,教育培训
外语教师,190309,教师,教育培训
音乐教师,190310,教师,教育培训
美术教师,190311,教师,教育培训
体育教师,190312,教师,教育培训
就业教师,190313,教师,教育培训
JAVA培训讲师,190401,IT培训,教育培训
Android培训讲师,190402,IT培训,教育培训
ios培训讲师,190403,IT培训,教育培训
PHP培训讲师,190404,IT培训,教育培训
.NET培训讲师,190405,IT培训,教育培训
C++培训讲师,190406,IT培训,教育培训
Unity 3D培训讲师,190407,IT培训,教育培训
Web前端培训讲师,190408,IT培训,教育培训
软件测试培训讲师,190409,IT培训,教育培训
动漫培训讲师,190410,IT培训,教育培训
UI设计培训讲师,190411,IT培训,教育培训
财会培训讲师,190501,职业培训,教育培训
HR培训讲师,190502,职业培训,教育培训
培训师,190503,职业培训,教育培训
拓展培训,190504,职业培训,教育培训
课程顾问,190601,招生,教育培训
招生顾问,190602,招生,教育培训
留学顾问,190603,招生,教育培训
舞蹈教练,190701,教练,教育培训
瑜伽教练,190702,教练,教育培训
瘦身教练,190703,教练,教育培训
游泳教练,190704,教练,教育培训
健身教练,190705,教练,教育培训
篮球/羽毛球教练,190706,教练,教育培训
跆拳道教练,190707,教练,教育培训
其他教育培训职位,190801,其他教育培训职位,教育培训
店长,210801,药店,医疗健康
执业药师/驻店药师,210802,药店,医疗健康
店员/营业员,210803,药店,医疗健康
医学助理,210112,医疗技术,医疗健康
医学影像,210113,医疗技术,医疗健康
B超医生,210114,医疗技术,医疗健康
生物制药,210115,医疗技术,医疗健康
药品注册,210116,医疗技术,医疗健康
药品生产,210117,医疗技术,医疗健康
临床研究,210118,医疗技术,医疗健康
临床协调,210119,医疗技术,医疗健康
临床数据分析,210120,医疗技术,医疗健康
医疗器械注册,210121,医疗技术,医疗健康
医疗器械生产/质量管理,210122,医疗技术,医疗健康
医学编辑,210101,医疗技术,医疗健康
药学编辑,210102,医疗技术,医疗健康
医师,210103,医疗技术,医疗健康
药剂师,210104,医疗技术,医疗健康
医疗器械研究,210105,医疗技术,医疗健康
医学总监,210106,医疗技术,医疗健康
医药研发,210108,医疗技术,医疗健康
验光师,210109,医疗技术,医疗健康
放射科医师,210110,医疗技术,医疗健康
检验科医师,210111,医疗技术,医疗健康
其他医疗技术职位,210107,医疗技术,医疗健康
护士长,210202,护士/护理,医疗健康
护士/护理,210201,护士/护理,医疗健康
医师,210301,医师/医生,医疗健康
中医,210302,医师/医生,医疗健康
心理医生,210303,医师/医生,医疗健康
牙科医生,210304,医师/医生,医疗健康
康复治疗师,210305,医师/医生,医疗健康
营养师,210401,健康整形,医疗健康
整形师,210402,健康整形,医疗健康
理疗师,210403,健康整形,医疗健康
针灸推拿,210404,健康整形,医疗健康
美容师/顾问,210405,健康整形,医疗健康
医疗器械销售,210506,市场销售,医疗健康
医学总监,210501,市场销售,医疗健康
医药代表,210502,市场销售,医疗健康
导医,210503,市场销售,医疗健康
健康顾问,210504,市场销售,医疗健康
医美咨询,210505,市场销售,医疗健康
瑜伽教练,210601,健身,医疗健康
瘦身顾问,210602,健身,医疗健康
游泳教练,210603,健身,医疗健康
美体教练,210604,健身,医疗健康
舞蹈教练,210605,健身,医疗健康
健身教练,210606,健身,医疗健康
其他医疗健康类职位,210701,其他医疗健康类职位,医疗健康
采购总监,250101,采购,采购/贸易
采购经理,250102,采购,采购/贸易
采购专员,250103,采购,采购/贸易
买手,250104,采购,采购/贸易
采购工程师,250105,采购,采购/贸易
采购主管,250106,采购,采购/贸易
采购助理,250107,采购,采购/贸易
外贸经理,250201,进出口贸易,采购/贸易
外贸专员,250202,进出口贸易,采购/贸易
外贸业务员,250203,进出口贸易,采购/贸易
贸易跟单,250204,进出口贸易,采购/贸易
其他采购/贸易职位,250301,其他采购/贸易职位,采购/贸易
供应链专员,240101,物流,供应链/物流
供应链经理,240102,物流,供应链/物流
物流专员,240103,物流,供应链/物流
物流经理,240104,物流,供应链/物流
物流运营,240105,物流,供应链/物流
物流跟单,240106,物流,供应链/物流
贸易跟单,240107,物流,供应链/物流
物仓调度,240108,物流,供应链/物流
物仓项目,240109,物流,供应链/物流
运输经理,240110,物流,供应链/物流
货运代理专员,240111,物流,供应链/物流
货运代理经理,240112,物流,供应链/物流
水/空/陆运操作,240113,物流,供应链/物流
报关员,240114,物流,供应链/物流
报检员,240115,物流,供应链/物流
核销员,240116,物流,供应链/物流
单证员,240117,物流,供应链/物流
仓储物料经理,240201,仓储,供应链/物流
仓储物料专员,240202,仓储,供应链/物流
仓储物料项目,240203,仓储,供应链/物流
仓库管理,240204,仓储,供应链/物流
仓库文员,240205,仓储,供应链/物流
配/理/捡/发货,240206,仓储,供应链/物流
货运司机,240301,运输,供应链/物流
集装箱管理,240302,运输,供应链/物流
配送,240303,运输,供应链/物流
快递,240304,运输,供应链/物流
供应链总监,240401,高端供应链职位,供应链/物流
物流总监,240402,高端供应链职位,供应链/物流
其他供应链职位,240501,其他供应链职位,供应链/物流
房产规划,220101,房地产规划开发,房地产建筑
地产项目管理,220102,房地产规划开发,房地产建筑
地产招投标,220103,房地产规划开发,房地产建筑
高级建筑工程师,220201,设计装修与市政建设,房地产建筑
建筑工程师,220202,设计装修与市政建设,房地产建筑
建筑设计师,220203,设计装修与市政建设,房地产建筑
土木/土建/结构工程师,220204,设计装修与市政建设,房地产建筑
室内设计,220205,设计装修与市政建设,房地产建筑
园林设计,220206,设计装修与市政建设,房地产建筑
城市规划设计,220207,设计装修与市政建设,房地产建筑
工程监理,220208,设计装修与市政建设,房地产建筑
工程造价,220209,设计装修与市政建设,房地产建筑
预结算,220210,设计装修与市政建设,房地产建筑
工程资料管理,220211,设计装修与市政建设,房地产建筑
建筑施工现场管理,220212,设计装修与市政建设,房地产建筑
地产置业顾问,220301,房地产经纪,房地产建筑
地产评估,220302,房地产经纪,房地产建筑
地产中介,220303,房地产经纪,房地产建筑
物业管理,220401,物业管理,房地产建筑
物业租赁销售,220402,物业管理,房地产建筑
物业招商管理,220403,物业管理,房地产建筑
地产项目总监,220501,高端房地产职位,房地产建筑
地产策划总监,220502,高端房地产职位,房地产建筑
地产招投标总监,220503,高端房地产职位,房地产建筑
物业总监,220504,高端房地产职位,房地产建筑
房地产销售总监,220505,高端房地产职位,房地产建筑
其他房地产职位,220601,其他房地产职位,房地产建筑
企业管理咨询,260101,咨询/调研,咨询/翻译/法律
数据分析师,260102,咨询/调研,咨询/翻译/法律
财务咨询顾问,260103,咨询/调研,咨询/翻译/法律
IT咨询顾问,260104,咨询/调研,咨询/翻译/法律
人力资源顾问,260105,咨询/调研,咨询/翻译/法律
咨询项目管理,260106,咨询/调研,咨询/翻译/法律
战略管理,260107,咨询/调研,咨询/翻译/法律
猎头顾问,260108,咨询/调研,咨询/翻译/法律
市场调研,260109,咨询/调研,咨询/翻译/法律
其他咨询顾问,260110,咨询/调研,咨询/翻译/法律
知识产权,260203,律师,咨询/翻译/法律
事务所律师,260202,律师,咨询/翻译/法律
公司法务,260201,律师,咨询/翻译/法律
英语翻译,260301,翻译,咨询/翻译/法律
日语翻译,260302,翻译,咨询/翻译/法律
韩语/朝鲜语翻译,260303,翻译,咨询/翻译/法律
法语翻译,260304,翻译,咨询/翻译/法律
德语翻译,260305,翻译,咨询/翻译/法律
俄语翻译,260306,翻译,咨询/翻译/法律
西班牙语,260307,翻译,咨询/翻译/法律
其他语种翻译,260308,翻译,咨询/翻译/法律
咨询总监,260401,高端咨询类职位,咨询/翻译/法律
咨询经理,260402,高端咨询类职位,咨询/翻译/法律
高级翻译,260403,高端咨询类职位,咨询/翻译/法律
同声传译,260404,高端咨询类职位,咨询/翻译/法律
其他咨询/翻译类职位,260501,其他咨询类职位,咨询/翻译/法律
实习生,270101,实习生/培训生/储备,实习生/管培生
管理培训生,270102,实习生/培训生/储备,实习生/管培生
储备干部,270103,实习生/培训生/储备,实习生/管培生
其他实习/培训/储备,270201,其他实习/培训/储备,实习生/管培生
计调,280101,旅游服务,旅游
签证,280102,旅游服务,旅游
旅游顾问,280103,旅游服务,旅游
导游,280104,旅游服务,旅游
预订票务,280105,旅游服务,旅游
旅游产品经理,280201,旅游产品开发/策划,旅游
旅游策划师,280202,旅游产品开发/策划,旅游
其他旅游职位,280301,其他旅游职位,旅游
保安,290105,酒店,酒店/餐饮/零售
保洁,290106,酒店,酒店/餐饮/零售
收银,290101,酒店,酒店/餐饮/零售
酒店前台,290101,酒店,酒店/餐饮/零售
客房服务员,290103,酒店,酒店/餐饮/零售
酒店经理,290104,酒店,酒店/餐饮/零售
收银,290201,餐饮,酒店/餐饮/零售
服务员,290202,餐饮,酒店/餐饮/零售
厨师,290203,餐饮,酒店/餐饮/零售
咖啡师,290204,餐饮,酒店/餐饮/零售
送餐员,290205,餐饮,酒店/餐饮/零售
餐饮店长,290206,餐饮,酒店/餐饮/零售
领班,290207,餐饮,酒店/餐饮/零售
督导/巡店,290305,零售,酒店/餐饮/零售
收银,290301,零售,酒店/餐饮/零售
导购,290302,零售,酒店/餐饮/零售
店员/营业员,290303,零售,酒店/餐饮/零售
门店店员,290304,零售,酒店/餐饮/零售
其他酒店/餐饮/零售...,290401,其他酒店/餐饮/零售...,酒店/餐饮/零售
厂长/工厂经理,300101,生产运营,生产/制造
生产总监,300102,生产运营,生产/制造
生产经理/车间主任,300103,生产运营,生产/制造
生产组长/拉长,300104,生产运营,生产/制造
生产员,300105,生产运营,生产/制造
生产设备管理,300106,生产运营,生产/制造
生产计划/物料控制,300107,生产运营,生产/制造
生产跟单,300108,生产运营,生产/制造
质量管理测试,300201,质量安全,生产/制造
可靠度工程师,300202,质量安全,生产/制造
故障分析师,300203,质量安全,生产/制造
认证工程师,300204,质量安全,生产/制造
体系工程师,300205,质量安全,生产/制造
审核员,300206,质量安全,生产/制造
安全员,300207,质量安全,生产/制造
机械工程师,300301,机械设计/制造,生产/制造
机械设计师,300302,机械设计/制造,生产/制造
机械设备工程师,300303,机械设计/制造,生产/制造
机械维修/保养,300304,机械设计/制造,生产/制造
机械制图,300305,机械设计/制造,生产/制造
机械结构工程师,300306,机械设计/制造,生产/制造
工业工程师,300307,机械设计/制造,生产/制造
工艺/制程工程师,300308,机械设计/制造,生产/制造
材料工程师,300309,机械设计/制造,生产/制造
机电工程师,300310,机械设计/制造,生产/制造
CNC/数控,300311,机械设计/制造,生产/制造
冲压工程师,300312,机械设计/制造,生产/制造
夹具工程师,300313,机械设计/制造,生产/制造
模具工程师,300314,机械设计/制造,生产/制造
焊接工程师,300315,机械设计/制造,生产/制造
注塑工程师,300316,机械设计/制造,生产/制造
锻造/塑造工程师,300317,机械设计/制造,生产/制造
化工工程师,300401,化工,生产/制造
实验室技术员,300402,化工,生产/制造
化学分析,300403,化工,生产/制造
涂料分析,300404,化工,生产/制造
化妆品研发,300405,化工,生产/制造
食品/饮料研发,300406,化工,生产/制造
服装设计,300501,服装/纺织/皮革,生产/制造
女装设计,300502,服装/纺织/皮革,生产/制造
男装设计,300503,服装/纺织/皮革,生产/制造
童装设计,300504,服装/纺织/皮革,生产/制造
内衣设计,300505,服装/纺织/皮革,生产/制造
面料设计,300506,服装/纺织/皮革,生产/制造
面料辅料开发,400507,服装/纺织/皮革,生产/制造
面料辅料采购,300508,服装/纺织/皮革,生产/制造
打样/制版,300509,服装/纺织/皮革,生产/制造
服装/纺织/皮革跟单,300510,服装/纺织/皮革,生产/制造
普工/操作工,300601,技工/普工,生产/制造
叉车,300602,技工/普工,生产/制造
铲车,300603,技工/普工,生产/制造
焊工,300604,技工/普工,生产/制造
氩弧焊工,300605,技工/普工,生产/制造
电工,300606,技工/普工,生产/制造
木工,300608,技工/普工,生产/制造
漆工,300609,技工/普工,生产/制造
车工,300610,技工/普工,生产/制造
磨工,300611,技工/普工,生产/制造
铣工,300612,技工/普工,生产/制造
钳工,300613,技工/普工,生产/制造
钻工,300614,技工/普工,生产/制造
铆工,300615,技工/普工,生产/制造
钣金,300616,技工/普工,生产/制造
抛光,300617,技工/普工,生产/制造
机修工,300618,技工/普工,生产/制造
折弯工,300619,技工/普工,生产/制造
电镀工,300620,技工/普工,生产/制造
喷塑工,300621,技工/普工,生产/制造
注塑工,300622,技工/普工,生产/制造
组装工,300623,技工/普工,生产/制造
包装工,300624,技工/普工,生产/制造
空调工,300625,技工/普工,生产/制造
电梯工,300626,技工/普工,生产/制造
锅炉工,300627,技工/普工,生产/制造
学徒工,300628,技工/普工,生产/制造
其他职位,200101,其他职位类别,其他
